metric,statistic,unit,bf16,int8_half,change_percent
TTFT,mean,ms,1304.58,1299.31,-0.40396142819911773
TTFT,p50,ms,1342.11,1336.31,-0.43215533749095814
TTFT,p95,ms,2281.41,2274.45,-0.3050744934053995
TTFT,p99,ms,2281.41,2274.45,-0.3050744934053995
TPOT,mean,ms,32.48,29.98,-7.697044334975356
TPOT,p50,ms,32.03,29.79,-6.993443646581332
TPOT,p95,ms,42.32,37.68,-10.964083175803408
TPOT,p99,ms,57.86,42.34,-26.82336674732111
ITL,mean,ms,29.88,27.99,-6.325301204819278
ITL,p50,ms,26.84,27.98,4.247391952309987
ITL,p95,ms,53.78,29.82,-44.55187802156936
ITL,p99,ms,55.93,30.06,-46.25424637940283
End-to-end latency,mean,ms,16910.47,15915.91,-5.881326775660289
End-to-end latency,p50,ms,17755.38,16455.04,-7.323639370151469
End-to-end latency,p95,ms,25181.66,24598.1,-2.3174008385467904
End-to-end latency,p99,ms,25495.51,24775.81,-2.82284998417367
elapsed_s,run_median,s,26.393,24.857,-5.819724927063996
requests_per_s,run_median,request/s,9.7,10.3,6.185567010309301
input_tokens_per_s,run_median,token/s,5411.58,5745.84,6.176754293570452
output_tokens_per_s,run_median,token/s,5075.84,5389.37,6.17690864960283
total_tokens_per_s,run_median,token/s,10487.42,11135.21,6.176829000841
blocks,run_median,block,701,1320,88.30242510699003
peak_allocated_gib,run_median,GiB,20.75,20.76,0.04819277108434328
peak_reserved_gib,run_median,GiB,21.21,21.21,0.0
