mode,batch,context,new_q_tokens_per_sequence,new_tokens,operation,token_head_us,head_token_us,head_token_change_pct
decode,1,1024,1,1,write,2.1503999829292297,2.163200080394745,0.5952426323999171
decode,1,1024,1,1,attention,43.54560077190399,42.662400007247925,-2.028220414921722
decode,1,1024,1,1,write_attention,45.10720074176788,44.26240026950836,-1.872872752835808
decode,64,512,1,64,write,2.112000063061714,2.1376000717282295,1.2121215862751278
decode,64,512,1,64,attention,192.17920303344727,192.52480268478394,0.17983197238908843
decode,64,512,1,64,write_attention,191.1679983139038,194.7648048400879,1.881489871687636
decode,64,1024,1,64,write,2.1247999742627144,2.1376000717282295,0.6024142328953319
decode,64,1024,1,64,attention,383.27040672302246,380.6976079940796,-0.6712750798947398
decode,64,1024,1,64,write_attention,383.0912113189697,382.7712059020996,-0.08353243494372276
decode,256,512,1,256,write,2.7135999873280525,2.739199995994568,0.943396550193909
decode,256,512,1,256,attention,637.1456146240234,643.4432029724121,0.9884064496158862
decode,256,512,1,256,write_attention,639.5264148712158,647.9104042053223,1.3109684196226379
decode,256,1024,1,256,write,2.7135999873280525,2.7264000847935677,0.47170170715244986
decode,256,1024,1,256,attention,1236.531162261963,1263.0784034729004,2.1469124289900776
decode,256,1024,1,256,write_attention,1238.3999824523926,1263.7439727783203,2.04651087573009
decode,64,4096,1,64,write,2.1376000717282295,2.1503999829292297,0.5987982209717746
decode,64,4096,1,64,attention,1492.403221130371,1496.5503692626953,0.2778838904664793
decode,64,4096,1,64,write_attention,1492.5824165344238,1499.1616249084473,0.44079364068212445
prefill,1,1024,128,128,write,2.3679999634623528,2.393599972128868,1.0810814637465027
prefill,1,1024,128,128,attention,83.48159790039062,80.95999956130981,-3.020543931238062
prefill,1,1024,128,128,write_attention,85.35040020942688,82.81599879264832,-2.969407771445509
prefill,8,1024,128,1024,write,5.235200002789497,5.606399849057198,7.0904616073867555
prefill,8,1024,128,1024,attention,536.2688064575195,535.756778717041,-0.09547968002481255
prefill,8,1024,128,1024,write_attention,546.4320182800293,543.2831764221191,-0.5762550056677807
