requests,metric,bf16,project,change_percent
256,输出 token/s,5101.07,5393.74,5.7374237169848685
256,请求/s,9.75,10.31,5.74358974358975
256,输入 token/s,5438.48,5750.5,5.7372648239949475
256,总 token/s,10539.55,11144.23,5.737246846402355
256,整批耗时 s,26.262,24.837,-5.426090929860639
256,KV blocks,701,1318,88.01711840228246
256,峰值 allocated GiB,20.75,20.76,0.04819277108434328
256,峰值 reserved GiB,21.05,21.06,0.047505938242276
256,KV tensor bytes,20581449728,19348324352,-5.991440798858772
256,scale tensor bytes,0,1209270272,
256,抢占事件,84,0,-100.0
256,TTFT MEAN ms,1178.45,1175.07,-0.28681742967457957
256,TTFT P50 ms,1217.29,1212.9,-0.3606371530202268
256,TTFT P95 ms,2154.87,2151.3,-0.16567124698936286
256,TTFT P99 ms,2154.87,2151.3,-0.16567124698936286
256,TPOT MEAN ms,32.43,30.14,-7.061362935553495
256,TPOT P50 ms,31.98,29.95,-6.3477173233270845
256,TPOT P95 ms,42.24,37.86,-10.369318181818187
256,TPOT P99 ms,57.82,42.52,-26.46143203043929
256,ITL MEAN ms,29.85,28.13,-5.762144053601348
256,ITL P50 ms,26.77,28.1,4.968248038849454
256,ITL P95 ms,54.21,30.01,-44.641210108836006
256,ITL P99 ms,55.71,30.23,-45.73685155268355
256,End-to-end latency MEAN ms,16769.79,15865.8,-5.3905862864114695
256,End-to-end latency P50 ms,17614.73,16410.32,-6.837516101580887
256,End-to-end latency P95 ms,25049.35,24577.78,-1.8825638190212546
256,End-to-end latency P99 ms,25363.75,24756.6,-2.393770637228332
256,prefill model-run tokens,181836,142827,-21.452847620933145
256,prefill model-run seconds,3.76,2.134,-43.24468085106383
256,prefill model-run tokens_per_s,48361.6,66940.39,38.4164088863892
256,decode model-run tokens,133626,133710,0.0628620178707795
256,decode model-run seconds,22.174,22.389,0.9696040407684681
256,decode model-run tokens_per_s,6026.13,5972.25,-0.8941061676399298
256,request_preemption_stats.preempted_requests,27,0,-100.0
256,request_preemption_stats.repeatedly_preempted_requests,16,0,-100.0
256,request_preemption_stats.maximum_per_request,11,0,-100.0
256,decode_batch_stats.mean,100.84981132075471,130.70381231671556,29.60243614240352
256,decode_batch_stats.p50,90.0,121.0,34.44444444444446
256,decode_batch_stats.p95,238.0,256.0,7.563025210084029
256,decode_batch_stats.maximum,256,256,0.0
256,decode_batch_stats.steps,1325,1023,-22.79245283018868
256,restore_progress.restore_events,0,0,
256,restore_progress.preemptions_without_token_progress,0,0,
256,restore_progress.same_schedule_preemptions,0,0,
512,输出 token/s,4957.17,5400.04,8.933928027483429
512,请求/s,8.92,9.72,8.968609865470857
512,输入 token/s,5088.34,5542.93,8.933954885090234
512,总 token/s,10045.51,10942.97,8.933941631634411
512,整批耗时 s,57.374,52.669,-8.200578659323043
512,KV blocks,701,1318,88.01711840228246
512,峰值 allocated GiB,20.75,20.76,0.04819277108434328
512,峰值 reserved GiB,21.05,21.06,0.047505938242276
512,KV tensor bytes,20581449728,19348324352,-5.991440798858772
512,scale tensor bytes,0,1209270272,
512,抢占事件,322,188,-41.61490683229814
512,TTFT MEAN ms,15145.01,2712.67,-82.08868795728759
512,TTFT P50 ms,2186.9,2180.55,-0.2903653573551601
512,TTFT P95 ms,39703.92,4230.79,-89.34415040127021
512,TTFT P99 ms,43678.67,17995.35,-58.80059992669191
512,TPOT MEAN ms,35.09,64.88,84.8959817611855
512,TPOT P50 ms,34.88,58.86,68.74999999999997
512,TPOT P95 ms,46.01,90.65,97.02238643773096
512,TPOT P99 ms,73.6,209.84,185.10869565217396
512,ITL MEAN ms,33.51,58.34,74.0972843927186
512,ITL P50 ms,27.29,50.93,86.6251374129718
512,ITL P95 ms,55.36,73.24,32.297687861271676
512,ITL P99 ms,68.59,82.07,19.65301064295084
512,End-to-end latency MEAN ms,33724.73,35064.49,3.9726337319824223
512,End-to-end latency P50 ms,33978.99,37298.07,9.768036071701957
512,End-to-end latency P95 ms,55559.95,50923.38,-8.345165897377516
512,End-to-end latency P99 ms,56497.84,52470.85,-7.127688421362654
512,prefill model-run tokens,426682,291939,-31.57925574549665
512,prefill model-run seconds,10.77,4.814,-55.30176415970287
512,prefill model-run tokens_per_s,39617.93,60641.29,53.06526615600562
512,decode model-run tokens,283579,283901,0.11354860550323309
512,decode model-run seconds,45.873,45.617,-0.5580624768382281
512,decode model-run tokens_per_s,6181.77,6223.55,0.6758582088948639
512,request_preemption_stats.preempted_requests,152,92,-39.473684210526315
512,request_preemption_stats.repeatedly_preempted_requests,66,49,-25.757575757575758
512,request_preemption_stats.maximum_per_request,10,7,-30.000000000000004
512,decode_batch_stats.mean,130.74181650530198,202.49714693295292,54.88322890537554
512,decode_batch_stats.p50,161.0,202.5,25.77639751552796
512,decode_batch_stats.p95,228.0,442.0,93.85964912280701
512,decode_batch_stats.maximum,265,489,84.52830188679246
512,decode_batch_stats.steps,2169,1402,-35.36191793453204
512,restore_progress.restore_events,0,188,
512,restore_progress.preemptions_without_token_progress,0,35,
512,restore_progress.same_schedule_preemptions,0,35,
1024,输出 token/s,4948.65,5347.86,8.06704858900913
1024,请求/s,8.68,9.38,8.064516129032274
1024,输入 token/s,4922.04,5319.1,8.066980357737851
1024,总 token/s,9870.69,10666.96,8.067014565344465
1024,整批耗时 s,117.972,109.166,-7.464483097684194
1024,KV blocks,701,1318,88.01711840228246
1024,峰值 allocated GiB,20.75,20.76,0.04819277108434328
1024,峰值 reserved GiB,21.05,21.06,0.047505938242276
1024,KV tensor bytes,20581449728,19348324352,-5.991440798858772
1024,scale tensor bytes,0,1209270272,
1024,抢占事件,769,455,-40.832249674902464
1024,TTFT MEAN ms,46321.52,31183.55,-32.68020997583844
1024,TTFT P50 ms,48130.02,38128.59,-20.780024608342153
1024,TTFT P95 ms,101144.98,82866.3,-18.071761940137808
1024,TTFT P99 ms,104696.61,88109.16,-15.84334965573384
1024,TPOT MEAN ms,35.02,62.96,79.78298115362648
1024,TPOT P50 ms,34.78,59.8,71.93789534215065
1024,TPOT P95 ms,39.97,92.95,132.5494120590443
1024,TPOT P99 ms,71.13,186.25,161.84451005201743
1024,ITL MEAN ms,34.3,59.29,72.85714285714286
1024,ITL P50 ms,27.31,51.57,88.83192969608203
1024,ITL P95 ms,56.91,82.09,44.245299595853126
1024,ITL P99 ms,69.04,106.01,53.54866743916568
1024,End-to-end latency MEAN ms,65841.08,64924.75,-1.3917299047950027
1024,End-to-end latency P50 ms,66170.34,64316.49,-2.801632876603022
1024,End-to-end latency P95 ms,114195.54,105521.03,-7.596189833683519
1024,End-to-end latency P99 ms,117258.59,108248.05,-7.684332550817807
1024,prefill model-run tokens,871974,580663,-33.40822088732004
1024,prefill model-run seconds,23.224,12.473,-46.29262831553566
1024,prefill model-run tokens_per_s,37546.0,46552.05,23.986709636179636
1024,decode model-run tokens,582009,582778,0.13212854096757987
1024,decode model-run seconds,93.261,93.257,-0.00428903829038374
1024,decode model-run tokens_per_s,6240.65,6249.19,0.13684471970067946
1024,request_preemption_stats.preempted_requests,427,220,-48.47775175644028
1024,request_preemption_stats.repeatedly_preempted_requests,178,111,-37.64044943820225
1024,request_preemption_stats.maximum_per_request,10,9,-9.999999999999998
1024,decode_batch_stats.mean,147.71802030456854,241.81659751037344,63.701488154112965
1024,decode_batch_stats.p50,167.0,301.0,80.23952095808384
1024,decode_batch_stats.p95,203.0,414.5500000000002,104.21182266009863
1024,decode_batch_stats.maximum,265,489,84.52830188679246
1024,decode_batch_stats.steps,3940,2410,-38.83248730964467
1024,restore_progress.restore_events,0,455,
1024,restore_progress.preemptions_without_token_progress,0,67,
1024,restore_progress.same_schedule_preemptions,0,67,
2048,输出 token/s,4980.22,5428.8,9.007232612213922
2048,请求/s,9.03,9.85,9.080841638981173
2048,输入 token/s,5074.48,5531.56,9.00742539137016
2048,总 token/s,10054.7,10960.36,9.007329905417372
2048,整批耗时 s,226.678,207.947,-8.263263307422864
2048,KV blocks,701,1318,88.01711840228246
2048,峰值 allocated GiB,20.75,20.76,0.04819277108434328
2048,峰值 reserved GiB,21.05,21.06,0.047505938242276
2048,KV tensor bytes,20581449728,19348324352,-5.991440798858772
2048,scale tensor bytes,0,1209270272,
2048,抢占事件,1566,900,-42.52873563218391
2048,TTFT MEAN ms,102081.99,83134.26,-18.56128588402324
2048,TTFT P50 ms,102963.68,86490.78,-15.998748296486676
2048,TTFT P95 ms,202223.59,175117.05,-13.404242304273206
2048,TTFT P99 ms,210774.88,184270.85,-12.574567709396867
2048,TPOT MEAN ms,35.14,60.99,73.56289129197495
2048,TPOT P50 ms,35.14,60.44,71.9977233921457
2048,TPOT P95 ms,37.64,72.59,92.85334750265675
2048,TPOT P99 ms,52.49,112.28,113.90741093541625
2048,ITL MEAN ms,34.78,59.59,71.33410005750432
2048,ITL P50 ms,27.29,51.42,88.4206669109564
2048,ITL P95 ms,57.38,82.32,43.464621819449256
2048,ITL P99 ms,69.25,101.22,46.16606498194946
2048,End-to-end latency MEAN ms,121218.09,115920.58,-4.370230548922194
2048,End-to-end latency P50 ms,121917.57,116677.6,-4.297961319274979
2048,End-to-end latency P95 ms,220055.46,202655.48,-7.907088513050297
2048,End-to-end latency P99 ms,225092.84,206688.54,-8.176315159558156
2048,prefill model-run tokens,1758555,1150273,-34.589876347342
2048,prefill model-run seconds,48.272,27.785,-42.44075240304939
2048,prefill model-run tokens_per_s,36430.31,41399.66,13.640701931990161
2048,decode model-run tokens,1125292,1126858,0.13916387924199913
2048,decode model-run seconds,175.536,174.569,-0.550884149120412
2048,decode model-run tokens_per_s,6410.62,6455.09,0.6936926537526755
2048,request_preemption_stats.preempted_requests,923,527,-42.9035752979415
2048,request_preemption_stats.repeatedly_preempted_requests,360,220,-38.888888888888886
2048,request_preemption_stats.maximum_per_request,9,8,-11.111111111111116
2048,decode_batch_stats.mean,161.07815631262525,285.0640020237794,76.97247631175932
2048,decode_batch_stats.p50,173.0,322.0,86.12716763005781
2048,decode_batch_stats.p95,190.0,385.0,102.63157894736841
2048,decode_batch_stats.maximum,265,489,84.52830188679246
2048,decode_batch_stats.steps,6986,3953,-43.415402233037504
2048,restore_progress.restore_events,0,900,
2048,restore_progress.preemptions_without_token_progress,0,124,
2048,restore_progress.same_schedule_preemptions,0,124,
4096,输出 token/s,4887.52,5418.01,10.853970930042234
4096,请求/s,8.67,9.62,10.957324106113031
4096,输入 token/s,4878.15,5407.62,10.853909781372039
4096,总 token/s,9765.67,10825.63,10.853940385042705
4096,整批耗时 s,472.192,425.959,-9.791144280292762
4096,KV blocks,701,1318,88.01711840228246
4096,峰值 allocated GiB,20.75,20.76,0.04819277108434328
4096,峰值 reserved GiB,21.05,21.06,0.047505938242276
4096,KV tensor bytes,20581449728,19348324352,-5.991440798858772
4096,scale tensor bytes,0,1209270272,
4096,抢占事件,3271,1895,-42.06664628553959
4096,TTFT MEAN ms,221245.02,189973.24,-14.13445599815083
4096,TTFT P50 ms,221018.11,188884.95,-14.538700018745054
4096,TTFT P95 ms,436203.38,385109.21,-11.713382413497108
4096,TTFT P99 ms,454053.99,400305.18,-11.83753720565257
4096,TPOT MEAN ms,35.55,60.34,69.73277074542901
4096,TPOT P50 ms,35.57,60.09,68.93449536125951
4096,TPOT P95 ms,37.35,64.5,72.69076305220882
4096,TPOT P99 ms,41.65,90.53,117.35894357743098
4096,ITL MEAN ms,35.32,59.5,68.45979614949039
4096,ITL P50 ms,27.26,51.37,88.44460748349228
4096,ITL P95 ms,61.24,82.65,34.960809928151534
4096,ITL P99 ms,75.8,100.2,32.18997361477574
4096,End-to-end latency MEAN ms,241108.5,223436.02,-7.32967937671215
4096,End-to-end latency P50 ms,241013.69,223841.81,-7.124856683452297
4096,End-to-end latency P95 ms,455922.24,412451.84,-9.534608357776087
4096,End-to-end latency P99 ms,468992.59,423319.4,-9.73857390795876
4096,prefill model-run tokens,3544801,2303424,-35.01965272521645
4096,prefill model-run seconds,107.553,59.384,-44.786291409816556
4096,prefill model-run tokens_per_s,32958.7,38788.56,17.688379699442038
4096,decode model-run tokens,2300485,2303756,0.14218740830738152
4096,decode model-run seconds,358.781,356.903,-0.5234390895838881
4096,decode model-run tokens_per_s,6411.94,6454.85,0.6692202359972255
4096,request_preemption_stats.preempted_requests,1966,1084,-44.86266531027467
4096,request_preemption_stats.repeatedly_preempted_requests,792,459,-42.04545454545454
4096,request_preemption_stats.maximum_per_request,8,9,12.5
4096,decode_batch_stats.mean,165.5859065716548,301.1052150045746,81.84229638787275
4096,decode_batch_stats.p50,172.0,323.0,87.79069767441861
4096,decode_batch_stats.p95,183.0,350.0,91.25683060109289
4096,decode_batch_stats.maximum,265,489,84.52830188679246
4096,decode_batch_stats.steps,13893,7651,-44.92910098610812
4096,restore_progress.restore_events,0,1895,
4096,restore_progress.preemptions_without_token_progress,0,230,
4096,restore_progress.same_schedule_preemptions,0,230,
